[
  {
    "title": "Idea",
    "names": ["Oleksandr Kosovan"]
  },
  {
    "title": "Product Management",
    "names": ["Raymond East", "Nikita Savchenko"]
  },
  {
    "title": "Development",
    "names": ["Serhiy Buchnev", "Alexey Pawlowski"]
  },
  {
    "title": "Design",
    "names": ["Simon Grozyan", "Sergey Grigoruk"]
  },
  {
    "title": "Quality Assurance",
    "names": ["Liudmyla Khomiak", "Roman Tyshchenko", "Dmitriy Litvenchuk", "Sergey Marieha","… and everyone at MacPaw"]
 },
 {
    "title": "Customer Support",
    "names": ["Volodymyr Radchenko", "Vladimir Voronin", "Yaroslav Kopylov"]
 },
 {
    "title": "Invaluable Contribution",
    "names": ["Roman Guliak", "Bogdan Grechanovsky", "Dmitriy Novikov", "Vera Tkachenko", "Sergey Tatarchuk", "Boris Zagorodnii", "Rey Mayson", "Alyona Kosovan", "Nickolay Olshevsky", "Cats: Fixel & Hoover"]
 }
]