[
  {
    "title": "CleanMyMac X",
    "subtitle": "Mac Cleanup Software",
    "index": 0,
    "action": "CleanMyMac"
  },
  {
      "title": "Setapp",
      "subtitle": "The first subscription store for Mac apps",
      "index": 1,
      "action": "Setapp"
  },
  {
    "title": "Gemini 2",
    "subtitle": "Duplicate File Finder",
    "index": 2,
    "action": "Gemini"
  },
  {
    "title": "CleanMyDrive 2",
    "subtitle": "External Drive Cleaner",
    "index": 3,
    "action": "CleanMyDrive"
  }
]
